{
  "$schema": "https://json-schema.org/draft/2020-12/schema",
  "$id": "https://schemas.apf.local/library.schema.json",
  "title": "Process Library Template",
  "type": "object",
  "required": ["steps"],
  "properties": {
    "meta": { "type": "object", "additionalProperties": true },
    "steps": {
      "type": "array",
      "items": {
        "type": "object",
        "required": ["id", "actor", "action", "text"],
        "properties": {
          "id": { "type": "string" },
          "actor": { "type": "string" },
          "action": { "type": "string" },
          "text": { "type": "string" },
          "next": { "type": "array", "items": { "type": "string" } }
        },
        "additionalProperties": true
      }
    }
  },
  "additionalProperties": true
}
